embedding_dim, auc
4, 0.557836937582
16, 0.519767886237
16, 0.543625060761
16, 0.526269281696
4, 0.552999857264
64, 0.520083970877
